sandbox,op,n,errors,p50_ms,p95_ms,mean_ms
e2b,download_1MB,30,0,24.9537550262175,28.226665180409295,25.587692092327984
e2b,download_8MB,30,0,159.59681553067634,189.18956179986694,168.93826114634672
e2b,exec_true,600,0,8.600985573139,9.67962743598031,8.720593637553927
e2b,py_import_again,30,0,737.3822685331106,781.1528347840067,745.6770421432641
e2b,py_import_first,30,0,861.6769339423627,926.7328626592644,947.3610685595
e2b,start,30,0,87.2638240107335,193.82396954460953,110.9075972344726
e2b,stop,30,0,28.305997489951498,54.339130286825686,32.76958420950294
e2b,upload_1MB,30,0,8.6126184323802,11.245428206166212,9.557697995721007
e2b,upload_8MB,30,0,33.101829001679945,37.89313354063776,39.076830066430034
agentcore,download_1MB,30,0,360.6515059364028,374.58712842781097,362.4583293683827
agentcore,download_8MB,30,0,5538.797299552243,5603.515184798744,5544.953240209725
agentcore,exec_true,600,0,139.77413001703096,190.5256917001679,146.51728096379273
agentcore,py_import_again,30,0,1200.6608030642383,1576.7036348814145,1258.812537319803
agentcore,py_import_first,30,0,2610.00393651193,46618.85561657252,9519.724572931105
agentcore,start,30,0,1819.757611490786,2283.4587821271266,1835.409157765874
agentcore,stop,30,0,187.8522874321788,262.9031901771668,200.99182992319885
agentcore,upload_1MB,30,0,142.75715849362308,183.5001333500258,149.28786179128412
agentcore,upload_8MB,30,0,5702.209803042933,5763.275482587051,5692.3428324710885
