sandbox,step,step_wall_sec,generation_sec,sandbox_provision_sec,sandbox_exec_sec,sandbox_verify_sec,sandbox_stop_sec,rollouts,mean_reward,failed_rollouts,failure_causes,exec_calls,exec_timeouts,sandbox_wait_sec,train_and_other_sec
e2b,1,529.5794115066528,126.63940681239667,13.719830247146698,66.36977330038401,0.692623609987398,0.06607606114509205,48,0.2708333432674408,0,,301,0,80.8483032186632,322.09170147559297
e2b,2,176.46174263954163,70.20146591449156,19.196036581299268,14.403078305864861,0.639099779635823,0.5624466714798473,48,0.4583333432674408,0,,289,0,34.800661338279795,71.45961538677027
e2b,3,138.56833004951477,58.67157323885476,19.07709902684049,9.846683476081429,0.620945147141659,0.23912073326452324,48,0.3333333432674408,0,,258,0,29.7838483833281,50.11290842733191
e2b,4,230.20609951019287,115.24182114398961,20.167111262853723,9.946957039297558,0.6783799754533296,0.24806702639519548,48,0.5,0,,282,0,31.040515303999804,83.92376306220345
e2b,5,209.88817620277405,90.98218113570086,20.26550015519994,18.231763439932063,0.6651559381280094,0.3052294955123216,48,0.3125,0,,336,0,39.467649028772335,79.43834603830086
e2b,6,373.7482099533081,102.46321356306241,20.347396029159427,35.76316408320175,0.759755268789983,0.27277312222092104,48,0.5416666865348816,0,,316,0,57.14308850337208,214.1419078868736
e2b,7,214.38974380493164,117.34281598380767,18.86101406762221,9.601846260600723,0.6533329211136637,0.6395177418598905,48,0.3125,0,,288,0,29.755710991196487,67.29121682992749
e2b,8,200.9951560497284,91.18161655320243,19.96254080514579,12.40362347297681,0.6761840108859664,0.26198173585968715,48,0.4583333432674408,0,,265,0,33.30433002486825,76.50920947165771
e2b,9,164.81286072731018,75.32076909699633,19.11558137263637,10.067718426386515,0.6945055045071058,0.29832956604271504,48,0.7083333134651184,0,,233,0,30.176134869572703,59.315956760741145
e2b,10,215.51903295516968,93.15358550774788,19.311573361997336,12.187019751543025,0.6425339544851644,0.2955572150531225,48,0.2916666567325592,0,,242,0,32.43668428307865,89.92876316434315
e2b,11,172.01958322525024,72.39198451902485,19.83399417656862,7.898292754097686,0.6661773053347133,0.3198615189952155,48,0.2708333432674408,0,,242,0,28.718325754996233,70.90927295122917
e2b,12,388.2221746444702,120.96941510770314,19.473072155107122,36.59907372161979,0.6871320405625738,0.29897617395423975,48,0.5,0,,306,0,57.05825409124372,210.19450544552336
e2b,13,200.65233850479126,90.81620110330793,18.90414399430544,11.31503402950087,0.6851274434981557,0.49603740696329623,48,0.4791666567325592,0,,293,0,31.40034287426776,78.43579452721556
e2b,14,196.5265817642212,76.2003196363027,19.326206550079707,17.12072623319303,0.6745894441652732,0.31684906732213375,48,0.4375,0,,236,0,37.43837129476014,82.88789083315837
e2b,15,190.80620574951172,77.26730312366271,19.889936885330826,10.165446226252243,0.6614422309212387,0.3115760548389517,48,0.3125,0,,243,0,31.02840139734326,82.51050122850575
e2b,16,180.81100249290466,89.18152781329506,20.14503307203995,8.956469435400018,0.6694495886913501,0.2646388689754531,48,0.6458333134651184,0,,256,0,30.03559096510677,61.59388371450283
e2b,17,151.83842277526855,66.09424138028407,19.76969858604328,8.293277518823743,0.6651082192547619,0.29457951453514397,48,0.4375,0,,225,0,29.02266383865693,56.721517556327555
e2b,18,155.77633595466614,65.20788120848981,19.898078103821415,10.113291213599345,0.8434594862046652,0.25515570002608,48,0.4583333432674408,0,,246,0,31.109984503651503,59.458470242524825
e2b,19,128.8275966644287,57.629847673718665,19.24844173322587,9.528645956151498,0.6694985593203455,0.28695679023318615,48,0.5625,0,,257,0,29.7335430389309,41.464205951779135
e2b,20,150.9555869102478,62.7427710746609,19.251328882024,11.19256066835563,0.6646384333920045,0.24418980181993297,48,0.375,0,,262,0,31.352717785591565,56.86009804999533
e2b,21,393.3667821884155,113.08002003858564,19.28121666163982,37.19652537704678,0.6741302241959298,0.26635172771057114,48,0.5833333134651184,0,,293,0,57.4182239905931,222.86853815923678
e2b,22,172.375483751297,89.6036919268469,19.20815135363955,8.130019414781904,0.6820223487835998,0.6017125481157564,48,0.3333333432674408,0,,248,0,28.621905665320813,54.14988615912928
e2b,23,145.38092255592346,67.67315951674634,19.17609339634267,7.988546196022071,0.6813941290408062,0.35625853203237057,48,0.4375,0,,239,0,28.202292253437918,49.505470785739206
e2b,24,158.2714807987213,68.56858217908302,19.7930237223239,9.313616804565148,0.6814998190966435,0.26307311209772405,48,0.2708333432674408,0,,224,0,30.051213458083414,59.65168516155488
e2b,25,211.18501925468445,92.42882998871694,19.419359009732336,10.194433496391866,0.6652540370511512,0.4857153305201791,48,0.375,0,,249,0,30.764761873695534,87.99142739227197
e2b,26,189.98837852478027,97.85261280334089,19.785838240544155,9.355262621558117,0.6706737117880645,0.34367616814173135,48,0.2916666567325592,0,,283,0,30.155450742032066,61.98031497940732
e2b,27,157.05190467834473,76.9359023856232,19.55179650724555,11.180916541663464,0.6695443695255866,0.25428823814339313,48,0.5208333134651184,0,,257,0,31.656545656577993,48.45945663614354
e2b,28,444.7127811908722,113.97315573614712,20.021854960786488,46.73669451416936,0.6657822374836542,0.3002444932741734,48,0.3541666567325592,0,,288,0,67.72457620571367,263.0150492490114
e2b,29,233.51807403564453,116.32984266913263,19.383007514542744,10.946482103900053,0.7618544198145779,0.4268307662763012,48,0.5208333134651184,0,,290,0,31.518174804533675,85.67005656197823
e2b,30,203.6445393562317,97.59256110677961,19.364839819376357,8.521718837922284,0.6724540659730943,0.32863445884625736,48,0.8125,0,,229,0,28.887647182117995,77.16433106733407
e2b,31,220.72741270065308,94.96807600744069,20.140760673229426,14.09885148096752,0.729066631271659,0.27381249961520854,48,0.0833333358168602,0,,272,0,35.242491285083815,90.51684540812857
e2b,32,127.39060306549072,59.820859040036645,19.45473966534094,8.776927799781939,0.697824415906022,0.3125928346804964,48,0.6458333134651184,0,,222,0,29.242084715709403,38.32765930974467
e2b,33,205.21746826171875,86.40035308709291,19.7978959523219,11.297265100758523,0.7069406428684791,0.25532422044004005,48,0.4583333432674408,0,,266,0,32.05742591638894,86.7596892582369
e2b,34,170.69810962677002,75.53498088550987,19.89323481081131,9.562972703424748,0.711165201869638,0.30192506266757846,48,0.3541666567325592,0,,235,0,30.469297778773274,64.69383096248689
e2b,35,174.0113663673401,70.46825424160731,19.887624377035536,12.113849847887954,0.6884438404231332,0.34998309953759116,48,0.5416666865348816,0,,250,0,33.03990116488421,70.50321096084856
e2b,36,220.23734331130981,103.86200672168827,19.685467762639746,10.753865579220777,0.6613340582310533,0.289427490264643,48,0.3958333432674408,0,,266,0,31.39009489035622,84.98524169926532
e2b,37,224.49780702590942,103.59524888289161,19.644435998421006,9.86878355910691,0.6732004972485205,0.29511861759237945,48,0.5,0,,265,0,30.481538672368817,90.421019470649
e2b,38,230.98388624191284,109.2329394214127,19.024938031216152,11.138748680610055,0.6628927268708745,0.2922660734814902,48,0.25,0,,259,0,31.118845512178574,90.63210130832158
e2b,39,195.52516341209412,80.63068766135257,19.172455504051566,13.185424909403082,0.666726139083039,0.27634397220875445,48,0.4166666567325592,0,,243,0,33.30095052474645,81.59352522599511
e2b,40,210.23106908798218,87.6252135745599,19.97083524331295,12.924614596103007,0.6524029716577692,0.27862932816303027,48,0.5208333134651184,0,,255,0,33.82648213923676,88.77937337418552
agentcore,1,965.1831574440002,96.34394473374898,18.556951456218183,155.00527779492162,10.174251723704705,0.35329383813465637,48,0.1875,0,,295,4,184.08977481297916,684.7494378972721
agentcore,2,368.18701434135437,69.44745262665674,18.44465191247097,111.64637666391597,9.508036535524298,1.4278374283458106,48,0.4375,0,,293,0,141.02690254025705,157.71265917444057
agentcore,3,371.33798122406006,77.126577148408,18.07732309678492,101.00125958236943,10.03746088964787,1.4009010342609447,48,0.25,0,,271,0,130.51694460306317,163.6944594725889
agentcore,4,377.67953085899353,88.29510954550157,17.81621233864765,87.09609803621424,9.70172648752729,1.422342442131291,48,0.4375,0,,288,0,116.03637930452048,173.34804200897145
agentcore,5,479.26417899131775,101.41527119129508,18.618001733266283,112.62152550992323,9.421573405736126,1.524809490055001,48,0.2916666567325592,0,,351,0,142.18591013898063,235.66299766104206
agentcore,6,410.24388241767883,110.35940253307733,18.018357705518913,81.6999885183177,9.696912715929406,1.3944684379578878,48,0.6041666865348816,0,,328,0,110.80972737772389,189.0747525068776
agentcore,7,324.08010029792786,131.79670746843718,18.945929552816477,48.82646374000857,9.317986620609494,1.506760856078472,48,0.1458333283662796,0,,348,0,78.597140769513,113.68625205997768
agentcore,8,329.83757853507996,96.05424129103388,18.232365510368254,52.52130097843474,9.28955150327723,1.409038098315553,48,0.5833333134651184,0,,348,0,81.45225609039576,152.33108115365033
agentcore,9,293.13099670410156,84.81941654917318,18.85644056519959,43.08944487428138,9.55549001226124,1.379832716328868,48,0.6041666865348816,0,,343,0,72.88120816807107,135.43037198685732
agentcore,10,366.1505386829376,112.53613986847147,18.903679703672726,55.688308629808795,9.701699216112806,1.4971910585300066,48,0.3958333432674408,0,,345,0,85.79087860812433,167.8235202063418
agentcore,11,270.3547966480255,111.57593225014473,18.690226541250013,29.213524835552864,9.081597827200312,1.4304652252273324,48,0.3125,0,,333,0,58.415814429230515,100.36304996865027
agentcore,12,488.3533957004547,119.69683796184836,18.377583314315416,72.81907667140088,9.795034726557788,1.4150335318602931,48,0.5416666865348816,0,,379,1,102.40672824413437,266.249829494472
agentcore,13,412.1635310649872,100.56190295891913,17.76623135737221,93.03776636904028,9.730842477544988,1.4722450148547068,48,0.375,0,,400,0,122.00708521881218,189.5945428872559
agentcore,14,279.16721630096436,100.54263170127524,18.59132247449209,37.47085097337064,9.695509841743236,1.4195008695630047,48,0.2708333432674408,0,,375,0,67.17718415916897,111.44740044052014
agentcore,15,375.275089263916,89.985381425727,18.925970090165112,94.82922289796018,9.983915300069688,1.5195249095171068,48,0.2916666567325592,0,,364,0,125.25863319771207,160.03107464047696
agentcore,16,464.7482879161835,116.11446788912872,18.226818282487027,106.70543676249993,9.855425788458282,1.4623679380941514,48,0.5416666865348816,0,,380,0,136.2500487715394,212.38377125551534
agentcore,17,374.1629099845886,71.02644058899023,18.18886376529311,93.01973393673931,9.9136136181963,1.3751523721730337,48,0.3958333432674408,0,,331,0,122.49736369240175,180.63910570319666
agentcore,18,333.24880838394165,103.61213739623781,18.380911349512946,55.47576270483356,9.655700013817599,1.4404449363355525,48,0.4375,0,,354,0,84.95281900449966,144.6838519832042
agentcore,19,373.3388674259186,74.06218159693526,17.85623048810521,102.51916161121335,10.768287087286202,1.4889725170990762,48,0.4791666567325592,0,,360,0,132.63265170370386,166.64403412527946
agentcore,20,349.431272983551,92.37453042531463,18.426907076791395,58.200398569383346,9.54807267015955,1.4454548812742967,48,0.4166666567325592,0,,377,0,87.62083319760859,169.43590936062782
agentcore,21,422.2276966571808,105.01228381800077,17.740455307958957,89.56968599666531,9.57984057101809,1.4566299605066888,48,0.625,0,,340,0,118.34661183614905,198.86880100303097
agentcore,22,702.0742380619049,112.26139537565177,17.28660958634767,146.52361929426357,9.525795356292898,1.4583439929992892,48,0.3958333432674408,0,,342,2,174.79436822990343,415.01847445634974
agentcore,23,329.2645547389984,90.55600059036321,19.200245645828545,52.2589475903466,9.557110595982522,1.387322883529123,48,0.3333333432674408,0,,353,0,82.40362671568678,156.3049274329484
agentcore,24,423.7716543674469,65.07740422904801,18.291119179843616,105.02061437244993,9.431177420483436,1.3934685004254181,48,0.1666666716337204,0,,284,0,134.13637947320242,224.55787066519648
agentcore,25,472.85271096229553,116.41328967938898,17.791123910127983,88.90224491164554,9.386778913515931,1.467546635850643,48,0.375,0,,353,0,117.54769437114008,238.89172691176645
agentcore,26,267.61531686782837,91.51873737410642,18.561979350459296,46.53434169135289,9.467209554704217,1.4200162599833372,48,0.25,0,,360,0,75.98354685649974,100.1130326372222
agentcore,27,491.0205879211426,78.70369482011301,17.58536126918625,123.57172042711561,9.965974888395673,1.4442460914918531,48,0.5625,0,,332,0,152.5673026761894,259.74959042484016
agentcore,28,486.4345734119415,118.94667907716939,17.671158205135725,104.28670176510543,9.324322139611468,1.4250730657756019,48,0.4791666567325592,0,,343,0,132.7072551756282,234.78063915914393
agentcore,29,353.5669162273407,133.9246723393444,17.779967227601446,44.34241667950604,9.082121090051563,1.4668988889704149,48,0.4583333432674408,0,,365,0,72.67140388612947,146.97084000186683
agentcore,30,415.6007993221283,79.7182660989735,17.300664575343642,108.58812749050169,10.947576121524131,1.4543750453934383,48,0.7708333134651184,0,,294,0,138.2907432327629,197.59178999039187
agentcore,31,386.64745926856995,89.78804194717668,17.488820032798685,92.07579268681972,10.151686441793572,1.4166507242480293,48,0.1041666641831398,0,,354,0,121.13294988566001,175.72646743573324
agentcore,32,350.6308238506317,67.17870031347654,17.25240909162676,85.15726573963184,11.05625769610439,1.3723860240619008,48,0.6875,0,,288,0,114.83831855142489,168.61380498573027
agentcore,33,376.8653562068939,102.25275993838052,18.532678314484656,77.43281113517394,10.72830114455428,1.4607300794838618,48,0.3333333432674408,0,,306,0,108.15452067369674,166.45807559481668
agentcore,34,355.86584973335266,102.92200482384457,17.55927835725015,60.03569174817918,9.723283627283914,1.4574677110261594,48,0.3125,0,,322,0,88.7757214437394,164.16812346576867
agentcore,35,387.8018424510956,82.15065712295473,17.02956552692922,75.90265680356727,9.394352766723992,1.4714695961447433,48,0.5,0,,334,0,103.79804469336523,201.85314063477563
agentcore,36,426.95600986480713,107.81403101338462,17.955183068367962,77.2385311787366,9.612304379600877,1.4653203916580726,48,0.5416666865348816,0,,346,0,106.27133901836349,212.870639833059
agentcore,37,378.64246225357056,77.36179122049361,17.783490535609115,78.27739198696024,9.789687784640895,1.3501258551841602,48,0.5208333134651184,0,,319,0,107.20069616239441,194.07997487068252
agentcore,38,416.1548864841461,143.07780762232142,17.46501848200569,73.96188162401086,9.617190209857654,1.447467961620229,48,0.3125,0,,360,0,102.49155827749443,170.58552058433025
agentcore,39,632.8457162380219,117.62996840238338,18.191471897667117,91.0133654133145,9.582076332279636,1.5131392896485825,48,0.2083333283662796,0,,354,2,120.30005293290984,394.91569490272866
agentcore,40,442.3094503879547,85.56949000598009,17.348328239362065,105.77540060427661,10.598623325000517,1.45769516788035,48,0.4375,0,,331,0,135.18004733651955,221.5599130454551
