sandbox,split,task,reward,passed,error,wall_sec
agentcore,train,0000_939_939639_qa_2,1.0,1,,15.101
agentcore,train,0000_994_994443_qa_4,1.0,1,,10.621
agentcore,train,0001_173_1173665_qa_3,1.0,1,,6.983
agentcore,train,0001_625_1625261_qa_1,1.0,1,,7.226
agentcore,train,0001_903_1903634_qa_1,1.0,1,,12.48
agentcore,train,0001_903_1903634_qa_4,1.0,1,,8.311
agentcore,train,0011_754_11754124_qa_4,1.0,1,,6.246
agentcore,train,0012_920_12920904_qa_2,1.0,1,,14.277
agentcore,train,0012_953_12953382_qa_3,1.0,1,,6.626
agentcore,train,0015_168_15168316_qa_2,1.0,1,,6.292
agentcore,train,0016_945_16945752_qa_1,1.0,1,,6.612
agentcore,train,0026_826_26826730_qa_2,1.0,1,,6.709
agentcore,train,0027_270_27270164_qa_4,1.0,1,,6.329
agentcore,train,0031_757_31757076_qa_2,1.0,1,,9.672
agentcore,train,0034_768_34768850_qa_5,1.0,1,,6.538
agentcore,train,0037_209_37209957_qa_1,1.0,1,,6.108
agentcore,train,0039_156_39156457_qa_3,1.0,1,,6.327
agentcore,train,0045_067_45067031_qa_3,1.0,1,,6.607
agentcore,train,0052_465_52465579_qa_3,1.0,1,,6.779
agentcore,train,0052_694_52694962_qa_4,1.0,1,,6.172
agentcore,train,0056_414_56414713_qa_1,1.0,1,,8.133
agentcore,train,0056_714_56714045_qa_3,1.0,1,,15.432
agentcore,train,0066_820_66820736_qa_5,1.0,1,,3.797
agentcore,train,0067_076_67076892_qa_3,1.0,1,,3.732
agentcore,train,0074_012_74012086_qa_5,1.0,1,,3.758
agentcore,train,0075_094_75094397_qa_3,1.0,1,,3.804
agentcore,train,0081_615_81615013_qa_4,1.0,1,,3.949
agentcore,train,0083_191_83191425_qa_1,1.0,1,,3.929
agentcore,train,0083_191_83191425_qa_3,1.0,1,,3.98
agentcore,train,0087_136_87136363_qa_5,1.0,1,,4.121
agentcore,train,0088_548_88548685_qa_4,1.0,1,,3.92
agentcore,train,0093_351_93351284_qa_1,1.0,1,,3.884
agentcore,train,0095_690_95690898_qa_5,1.0,1,,3.78
agentcore,train,0113_941_113941848_qa_4,1.0,1,,7.499
agentcore,train,0114_673_114673575_qa_5,1.0,1,,3.951
agentcore,train,0115_514_115514429_qa_4,1.0,1,,3.961
agentcore,train,0119_590_119590030_qa_2,1.0,1,,4.069
agentcore,train,0127_585_127585527_qa_4,1.0,1,,3.634
agentcore,train,0133_615_133615287_qa_4,1.0,1,,4.116
agentcore,train,0136_053_136053251_qa_2,1.0,1,,8.26
agentcore,heldout,0000_563_563874_qa_2,1.0,1,,3.582
agentcore,heldout,0001_231_1231918_qa_1,1.0,1,,4.126
agentcore,heldout,0001_289_1289812_qa_4,1.0,1,,4.054
agentcore,heldout,0001_659_1659621_qa_1,1.0,1,,4.188
agentcore,heldout,0001_991_1991376_qa_1,1.0,1,,3.536
agentcore,heldout,0016_104_16104392_qa_2,1.0,1,,4.003
agentcore,heldout,0027_151_27151900_qa_5,1.0,1,,4.942
agentcore,heldout,0028_407_28407702_qa_1,1.0,1,,3.978
agentcore,heldout,0036_430_36430763_qa_5,1.0,1,,3.455
agentcore,heldout,0037_168_37168956_qa_5,1.0,1,,4.237
agentcore,heldout,0038_673_38673777_qa_1,1.0,1,,3.636
agentcore,heldout,0062_015_62015834_qa_1,1.0,1,,3.737
agentcore,heldout,0077_684_77684454_qa_2,1.0,1,,7.198
agentcore,heldout,0084_834_84834261_qa_4,1.0,1,,3.769
agentcore,heldout,0088_816_88816581_qa_4,1.0,1,,3.729
agentcore,heldout,0095_334_95334310_qa_2,1.0,1,,3.938
